taxid.species,sequence_length,n_species_samples,n_samples_coverage_1
106590,1308,4,
106590,1442,4,
106590,1634,4,
106590,1840,4,
1085,1917,2,
1085,2062,2,
1096,2089,1,
120577,2101,2,
120577,2189,2,
1245,2241,2,
1245,2365,2,
1280,2472,89,
1280,2557,89,
1280,2610,89,
1280,2637,89,
1280,2726,89,
1280,2804,89,
1280,2891,89,
1280,2908,89,
1280,2993,89,
1280,3011,89,
1280,3011,89,
1280,3020,89,
1280,3070,89,
1280,3091,89,
1280,3091,89,
1280,3091,89,
1280,3091,89,
1280,3125,89,
1280,3125,89,
1280,3158,89,
1280,3180,89,
1280,3253,89,
1280,3269,89,
1280,3332,89,
1280,3353,89,
1280,3361,89,
1280,3471,89,
1280,3478,89,
1280,3533,89,
1280,3566,89,
1280,3624,89,
1280,3626,89,
1280,3637,89,
1280,3661,89,
1280,3697,89,
1280,3751,89,
1280,3869,89,
1280,4042,89,
1280,4072,89,
1280,4153,89,
1280,4158,89,
1280,4233,89,
1280,4236,89,
1280,4259,89,
1280,4381,89,
1280,4439,89,
1280,4440,89,
1280,4440,89,
1280,4449,89,
1280,4541,89,
1280,4651,89,
1280,4895,89,
1280,4960,89,
1280,5108,89,
1280,5114,89,
1280,5153,89,
1280,5228,89,
1280,5246,89,
1280,5289,89,
1280,5328,89,
1280,5428,89,
1280,5436,89,
1280,5518,89,
1280,5600,89,
1280,5644,89,
1280,5685,89,
1280,5838,89,
1280,6032,89,
1280,6106,89,
1280,6200,89,
1280,6230,89,
1280,6448,89,
1280,6464,89,
1280,6499,89,
1280,6634,89,
1280,6634,89,
1280,6694,89,
1280,6758,89,
1280,6824,89,
1280,6850,89,
1280,6880,89,
1280,6880,89,
1280,6880,89,
1280,7228,89,
1280,7240,89,
1280,7326,89,
1280,7415,89,
1280,7416,89,
1280,7437,89,
1282,7471,2,
1282,7473,2,
1304,7480,1,
1307,7487,17,
1307,7491,17,
1307,7492,17,
1307,7493,17,
1307,7493,17,
1307,7493,17,
1307,7493,17,
1307,7493,17,
1307,7493,17,
1307,7499,17,
1307,7499,17,
1307,7500,17,
1307,7500,17,
1307,7500,17,
1307,7500,17,
1307,7500,17,
1307,7500,17,
1308,7500,7,
1308,7500,7,
1308,7500,7,
1308,7500,7,
1308,7500,7,
1308,7500,7,
1308,7500,7,
1309,7500,3,
1309,7500,3,
1309,7500,3,
1311,7501,8,
1311,7502,8,
1311,7502,8,
1311,7502,8,
1311,7502,8,
1311,7502,8,
1311,7502,8,
1311,7502,8,
1313,7502,26,
1313,7510,26,
1313,7530,26,
1313,7552,26,
1313,7552,26,
1313,7553,26,
1313,7553,26,
1313,7553,26,
1313,7553,26,
1313,7553,26,
1313,7553,26,
1313,7553,26,
1313,7635,26,
1313,7635,26,
1313,7697,26,
1313,7995,26,
1313,8009,26,
1313,8028,26,
1313,8041,26,
1313,8191,26,
1313,8240,26,
1313,8241,26,
1313,8251,26,
1313,8252,26,
1313,8285,26,
1313,8304,26,
1314,8401,18,
1314,8431,18,
1314,8438,18,
1314,8513,18,
1314,8513,18,
1314,8513,18,
1314,8574,18,
1314,8636,18,
1314,8686,18,
1314,8712,18,
1314,8722,18,
1314,8729,18,
1314,8731,18,
1314,8953,18,
1314,9070,18,
1314,9098,18,
1314,9129,18,
1314,9150,18,
1318,9319,1,
1328,9370,1,
1334,9386,4,
1334,9547,4,
1334,9600,4,
1334,9608,4,
1336,9609,3,
1336,9609,3,
1336,9611,3,
13373,9612,6,
13373,9661,6,
13373,9671,6,
13373,9865,6,
13373,9953,6,
13373,9999,6,
1338,9999,2,
1338,10031,2,
1351,10073,5,
1351,10134,5,
1351,10193,5,
1351,10225,5,
1351,10288,5,
1352,10777,13,
1352,10778,13,
1352,10798,13,
1352,10915,13,
1352,11013,13,
1352,11302,13,
1352,11314,13,
1352,11331,13,
1352,11769,13,
1352,12113,13,
1352,12195,13,
1352,12375,13,
1352,12403,13,
138563,12465,2,
138563,12481,2,
139,12763,60,
139,12783,60,
139,12893,60,
139,13341,60,
139,13408,60,
139,13413,60,
139,14050,60,
139,14056,60,
139,14860,60,
139,14935,60,
139,15000,60,
139,15185,60,
139,15189,60,
139,15274,60,
139,15577,60,
139,15915,60,
139,16029,60,
139,16105,60,
139,16206,60,
139,16344,60,
139,16384,60,
139,16762,60,
139,16821,60,
139,17256,60,
139,17483,60,
139,17522,60,
139,17531,60,
139,17531,60,
139,17706,60,
139,18513,60,
139,18777,60,
139,18787,60,
139,20139,60,
139,20301,60,
139,20417,60,
139,20449,60,
139,20652,60,
139,20672,60,
139,20730,60,
139,21308,60,
139,21742,60,
139,22317,60,
139,22406,60,
139,22617,60,
139,22808,60,
139,22827,60,
139,23319,60,
139,23394,60,
139,23681,60,
139,23758,60,
139,23759,60,
139,24036,60,
139,24177,60,
139,24354,60,
139,24491,60,
139,24579,60,
139,24614,60,
139,24653,60,
139,24853,60,
139,24922,60,
1390,25014,18,
1390,25107,18,
1390,25652,18,
1390,25916,18,
1390,26269,18,
1390,26498,18,
1390,26498,18,
1390,26525,18,
1390,26587,18,
1390,26615,18,
1390,26642,18,
1390,26981,18,
1390,27041,18,
1390,27271,18,
1390,27282,18,
1390,27310,18,
1390,27323,18,
1390,27326,18,
1392,27439,11,
1392,27590,11,
1392,27702,11,
1392,27767,11,
1392,28155,11,
1392,28243,11,
1392,28279,11,
1392,28601,11,
1392,28797,11,
1392,29061,11,
1392,29194,11,
1396,29424,42,
1396,29521,42,
1396,29585,42,
1396,29615,42,
1396,29707,42,
1396,29766,42,
1396,29768,42,
1396,29838,42,
1396,29902,42,
1396,29993,42,
1396,30019,42,
1396,30096,42,
1396,30154,42,
1396,30223,42,
1396,30254,42,
1396,30299,42,
1396,30314,42,
1396,30429,42,
1396,30429,42,
1396,30651,42,
1396,30658,42,
1396,30687,42,
1396,30697,42,
1396,30750,42,
1396,30800,42,
1396,30804,42,
1396,30853,42,
1396,30854,42,
1396,30854,42,
1396,30885,42,
1396,31004,42,
1396,31085,42,
1396,32184,42,
1396,32700,42,
1396,33103,42,
1396,33700,42,
1396,33716,42,
1396,35595,42,
1396,35901,42,
1396,36069,42,
1396,36262,42,
1396,36273,42,
1398,36487,1,
1402,36849,1,
1404,37097,9,
1404,37136,9,
1404,37174,9,
1404,37285,9,
1404,37367,9,
1404,37473,9,
1404,37903,9,
1404,38392,9,
1404,38579,9,
1406,38691,4,
1406,38829,4,
1406,39468,4,
1406,39648,4,
1423,39749,12,
1423,40038,12,
1423,40147,12,
1423,40993,12,
1423,42245,12,
1423,43222,12,
1423,43581,12,
1423,43703,12,
1423,44013,12,
1423,44084,12,
1423,45025,12,
1423,45173,12,
1428,45206,76,
1428,45262,76,
1428,46366,76,
1428,46575,76,
1428,47972,76,
1428,47988,76,
1428,47988,76,
1428,48508,76,
1428,49148,76,
1428,49195,76,
1428,50100,76,
1428,50100,76,
1428,50195,76,
1428,51183,76,
1428,51488,76,
1428,51857,76,
1428,52268,76,
1428,52697,76,
1428,52766,76,
1428,52916,76,
1428,52971,76,
1428,53021,76,
1428,53501,76,
1428,53560,76,
1428,53657,76,
1428,53732,76,
1428,53786,76,
1428,53865,76,
1428,55304,76,
1428,55585,76,
1428,55803,76,
1428,55804,76,
1428,55804,76,
1428,55939,76,
1428,56977,76,
1428,57362,76,
1428,57557,76,
1428,57780,76,
1428,58679,76,
1428,59182,76,
1428,60739,76,
1428,60958,76,
1428,61880,76,
1428,62162,76,
1428,63653,76,
1428,63864,76,
1428,64366,76,
1428,64920,76,
1428,65470,76,
1428,66247,76,
1428,66985,76,
1428,67314,76,
1428,68342,76,
1428,68342,76,
1428,68525,76,
1428,68552,76,
1428,68616,76,
1428,69665,76,
1428,69704,76,
1428,69876,76,
1428,70159,76,
1428,70170,76,
1428,70299,76,
1428,70305,76,
1428,70499,76,
1428,70894,76,
1428,71173,76,
1428,71487,76,
1428,71507,76,
1428,71777,76,
1428,72074,76,
1428,72392,76,
1428,72460,76,
1428,73285,76,
1428,74000,76,
1428,74078,76,
1488,74082,4,
1488,74117,4,
1488,74451,4,
1488,75508,4,
1491,75605,23,
1491,75721,23,
1491,76490,23,
1491,77054,23,
1491,77112,23,
1491,77351,23,
1491,77528,23,
1491,77895,23,
1491,78145,23,
1491,80360,23,
1491,80365,23,
1491,80698,23,
1491,83224,23,
1491,83590,23,
1491,85134,23,
1491,88582,23,
1491,91096,23,
1491,91728,23,
1491,92661,23,
1491,94249,23,
1491,94251,23,
1491,94413,23,
1491,94824,23,
1502,94830,1,
1513,94830,2,
1513,96046,2,
1515,96210,1,
152480,96210,4,
152480,96471,4,
152480,98732,4,
152480,99286,4,
1534,99694,2,
1534,100918,2,
154,100990,1,
155892,104014,1,
1579,105974,2,
1579,106642,2,
1580,107431,3,
1580,107576,3,
1580,110781,3,
1581,110967,4,
1581,111195,4,
1581,113685,4,
1581,113866,4,
1582,116763,11,
1582,120153,11,
1582,122799,11,
1582,127885,11,
1582,130716,11,
1582,137010,11,
1582,139013,11,
1582,140001,11,
1582,141504,11,
1582,142731,11,
1582,144082,11,
1584,146276,3,
1584,148780,3,
1584,148959,3,
1587,153140,3,
1587,155004,3,
1587,164406,3,
1590,164565,25,
1590,164857,25,
1590,168999,25,
1590,171030,25,
1590,171593,25,
1590,175879,25,
1590,179680,25,
1590,181677,25,
1590,181677,25,
1590,181700,25,
1590,182726,25,
1590,184338,25,
1590,187880,25,
1590,187922,25,
1590,191996,25,
1590,192000,25,
1590,194229,25,
1590,198504,25,
1590,202301,25,
1590,202852,25,
1590,203287,25,
1590,208369,25,
1590,209488,25,
1590,210605,25,
1590,210919,25,
1598,211864,10,
1598,213290,10,
1598,214319,10,
1598,214396,10,
1598,218786,10,
1598,221618,10,
1598,223364,10,
1598,224152,10,
1598,224872,10,
1598,232605,10,
160,233730,9,
160,235425,9,
160,239246,9,
160,239623,9,
160,240661,9,
160,242436,9,
160,246023,9,
160,248150,9,
160,248150,9,
1604,250948,3,
1604,251926,3,
1604,256269,3,
1613,257956,2,
1613,265886,2,
161493,266785,1,
1624,270022,4,
1624,270082,4,
1624,270082,4,
1624,271577,4,
1639,272145,47,
1639,276571,47,
1639,276571,47,
1639,277995,47,
1639,281231,47,
1639,285459,47,
1639,294782,47,
1639,299762,47,
1639,302599,47,
1639,308747,47,
1639,312963,47,
1639,321744,47,
1639,328151,47,
1639,349599,47,
1639,350181,47,
1639,350312,47,
1639,353865,47,
1639,359372,47,
1639,366576,47,
1639,371254,47,
1639,380207,47,
1639,414090,47,
1639,424140,47,
1639,429111,47,
1639,440026,47,
1639,466370,47,
1639,501911,47,
1639,501946,47,
1639,505334,47,
1639,516088,47,
1639,642517,47,
1639,660973,47,
1639,828924,47,
1639,875977,47,
1639,902191,47,
1639,910724,47,
1639,922801,47,
1639,946986,47,
1639,988135,47,
1639,1004014,47,
1639,1008951,47,
1639,1012027,47,
1639,1038313,47,
1639,1038442,47,
1639,1038541,47,
1639,1038718,47,
1639,1038720,47,
1681,1038746,2,
1681,1038792,2,
1685,1038797,1,
1717,1038817,12,
1717,1038819,12,
1717,1038839,12,
1717,1038839,12,
1717,1038842,12,
1717,1038842,12,
1717,1038842,12,
1717,1038848,12,
1717,1038863,12,
1717,1038864,12,
1717,1038864,12,
1717,1038864,12,
1718,1038864,6,
1718,1038870,6,
1718,1038876,6,
1718,1038879,6,
1718,1038881,6,
1718,1039084,6,
1719,1039257,14,
1719,1039261,14,
1719,1039428,14,
1719,1042140,14,
1719,1042171,14,
1719,1042354,14,
1719,1042447,14,
1719,1042519,14,
1719,1042520,14,
1719,1042522,14,
1719,1042560,14,
1719,1042585,14,
1719,1042589,14,
1719,1042625,14,
172,1042630,3,
172,1042736,3,
172,1042743,3,
173,1042783,4,
173,1042789,4,
173,1042810,4,
173,1042811,4,
174,1042839,2,
174,1042853,2,
1747,1042875,10,
1747,1042903,10,
1747,1042996,10,
1747,1043022,10,
1747,1043022,10,
1747,1043025,10,
1747,1043554,10,
1747,1044023,10,
1747,1044026,10,
1747,1044282,10,
1764,1044325,2,
1764,1044326,2,
1765,1044352,4,
1765,1044377,4,
1765,1044459,4,
1765,1046087,4,
1767,1046171,2,
1767,1046365,2,
1769,1046382,1,
1772,1048812,2,
1772,1055417,2,
1773,1061854,22,
1773,1072136,22,
1773,1080953,22,
1773,1083842,22,
1773,1083893,22,
1773,1086784,22,
1773,1091523,22,
1773,1104552,22,
1773,1106409,22,
1773,1106534,22,
1773,1108250,22,
1773,1109051,22,
1773,1109301,22,
1773,1109804,22,
1773,1111222,22,
1773,1111454,22,
1773,1111520,22,
1773,1111523,22,
1773,1111612,22,
1773,1111969,22,
1773,1112101,22,
1773,1112372,22,
1804,1112957,3,
1804,1138011,3,
1804,1139281,3,
1833,1139330,4,
1833,1139417,4,
1833,1139633,4,
1833,1139744,4,
191026,1139971,2,
191026,1140038,2,
1912,1140481,3,
1912,1140789,3,
1912,1147152,3,
195,1150228,3,
195,1153998,3,
195,1155937,3,
196,1156948,1,
197,1157385,21,
197,1160316,21,
197,1161385,21,
197,1161434,21,
197,1161449,21,
197,1162204,21,
197,1163362,21,
197,1168150,21,
197,1168490,21,
197,1169374,21,
197,1170489,21,
197,1171011,21,
197,1171660,21,
197,1171667,21,
197,1172032,21,
197,1172064,21,
197,1172182,21,
197,1172197,21,
197,1172265,21,
197,1176758,21,
197,1185518,21,
2096,1185615,1,
210,1185778,74,
210,1196760,74,
210,1197687,74,
210,1198622,74,
210,1207451,74,
210,1211703,74,
210,1224595,74,
210,1226565,74,
210,1227328,74,
210,1229853,74,
210,1230230,74,
210,1241020,74,
210,1255681,74,
210,1257710,74,
210,1263719,74,
210,1266105,74,
210,1267197,74,
210,1269774,74,
210,1269837,74,
210,1270083,74,
210,1270751,74,
210,1275089,74,
210,1281472,74,
210,1301823,74,
210,1312480,74,
210,1352561,74,
210,1354226,74,
210,1400844,74,
210,1471282,74,
210,1473302,74,
210,1477581,74,
210,1494183,74,
210,1499175,74,
210,1499920,74,
210,1528980,74,
210,1549666,74,
210,1559666,74,
210,1560342,74,
210,1562832,74,
210,1566655,74,
210,1568826,74,
210,1570564,74,
210,1575399,74,
210,1576758,74,
210,1578824,74,
210,1584486,74,
210,1587646,74,
210,1588278,74,
210,1589954,74,
210,1591278,74,
210,1596366,74,
210,1599280,74,
210,1599441,74,
210,1601149,74,
210,1604216,74,
210,1607577,74,
210,1608548,74,
210,1609006,74,
210,1614447,74,
210,1615143,74,
210,1616209,74,
210,1616554,74,
210,1616617,74,
210,1616648,74,
210,1616909,74,
210,1617426,74,
210,1622903,74,
210,1624644,74,
210,1624979,74,
210,1628115,74,
210,1629557,74,
210,1632395,74,
210,1633319,74,
210,1634138,74,
2102,1635045,3,
2102,1635252,3,
2102,1635449,3,
2105,1641481,1,
2115,1641481,1,
213,1643831,1,
216816,1646139,16,
216816,1652982,16,
216816,1653913,16,
216816,1657873,16,
216816,1658051,16,
216816,1658751,16,
216816,1660425,16,
216816,1660469,16,
216816,1660685,16,
216816,1661137,16,
216816,1663456,16,
216816,1664587,16,
216816,1664792,16,
216816,1664840,16,
216816,1664896,16,
216816,1665719,16,
2209,1667867,1,
2261,1667883,1,
2285,1667890,3,
2285,1667892,3,
2285,1669329,3,
2287,1673813,1,
235,1673997,6,
235,1675918,6,
235,1680879,6,
235,1681364,6,
235,1683333,6,
235,1683348,6,
24,1690594,1,
263,1692823,14,
263,1702398,14,
263,1709911,14,
263,1718980,14,
263,1734922,14,
263,1746697,14,
263,1750832,14,
263,1755993,14,
263,1772694,14,
263,1775480,14,
263,1777831,14,
263,1780761,14,
263,1781029,14,
263,1796226,14,
274,1806995,7,
274,1813033,7,
274,1815785,7,
274,1818351,7,
274,1819370,7,
274,1820886,7,
274,1827111,7,
2743,1827308,3,
2743,1830138,3,
2743,1831128,3,
28025,1831949,11,
28025,1836467,11,
28025,1837281,11,
28025,1838554,11,
28025,1838867,11,
28025,1841271,11,
28025,1844830,11,
28025,1845106,11,
28025,1847202,11,
28025,1848520,11,
28025,1856176,11,
28035,1856368,1,
28197,1856951,2,
28197,1857073,2,
283734,1860355,1,
28450,1861334,15,
28450,1863201,15,
28450,1864998,15,
28450,1872918,15,
28450,1877212,15,
28450,1886888,15,
28450,1887192,15,
28450,1887251,15,
28450,1890909,15,
28450,1892616,15,
28450,1892681,15,
28450,1892744,15,
28450,1892775,15,
28450,1893886,15,
28450,1894157,15,
287,1894275,15,
287,1894401,15,
287,1894877,15,
287,1895017,15,
287,1895727,15,
287,1895994,15,
287,1897573,15,
287,1898476,15,
287,1899877,15,
287,1900521,15,
287,1902595,15,
287,1908256,15,
287,1910031,15,
287,1911706,15,
287,1923763,15,
294,1928252,4,
294,1929905,4,
294,1932306,4,
294,1932693,4,
29449,1933610,11,
29449,1933695,11,
29449,1935662,11,
29449,1937111,11,
29449,1938483,11,
29449,1938583,11,
29449,1938595,11,
29449,1938606,11,
29449,1938709,11,
29449,1938822,11,
29449,1942198,11,
29459,1943113,8,
29459,1945310,8,
29459,1947646,8,
29459,1947706,8,
29459,1963012,8,
29459,1966342,8,
29459,1968651,8,
29459,1980887,8,
29461,1981535,4,
29461,1985832,4,
29461,1991156,4,
29461,1991579,4,
29501,1993560,1,
300,1996214,1,
303,1999618,11,
303,2007018,11,
303,2007491,11,
303,2013587,11,
303,2024171,11,
303,2024476,11,
303,2026239,11,
303,2026505,11,
303,2027088,11,
303,2028815,11,
303,2032925,11,
315405,2034321,2,
315405,2036867,2,
316,2037254,8,
316,2038034,8,
316,2038146,8,
316,2038396,8,
316,2038409,8,
316,2038615,8,
316,2039414,8,
316,2046115,8,
32046,2061920,2,
32046,2063112,2,
339,2064154,3,
339,2076397,3,
339,2078953,3,
33959,2080931,5,
33959,2091879,5,
33959,2093317,5,
33959,2095698,5,
33959,2095898,5,
33990,2096125,1,
34021,2096309,1,
346,2096866,3,
346,2098685,3,
346,2100449,3,
347,2106340,3,
347,2107023,3,
347,2108637,3,
35554,2109759,1,
35791,2111882,2,
35791,2112148,2,
35794,2117717,1,
36809,2117718,3,
36809,2120234,3,
36809,2121359,3,
36855,2122487,2,
36855,2124241,2,
380,2125701,35,
380,2126133,35,
380,2126451,35,
380,2127839,35,
380,2129206,35,
380,2129934,35,
380,2130580,35,
380,2131190,35,
380,2133496,35,
380,2137435,35,
380,2138694,35,
380,2142122,35,
380,2145295,35,
380,2145445,35,
380,2145902,35,
380,2146229,35,
380,2149868,35,
380,2153416,35,
380,2153922,35,
380,2159491,35,
380,2160267,35,
380,2160842,35,
380,2167264,35,
380,2171609,35,
380,2176362,35,
380,2177656,35,
380,2179445,35,
380,2183059,35,
380,2184406,35,
380,2184682,35,
380,2184862,35,
380,2194961,35,
380,2209198,35,
380,2210574,35,
380,2211485,35,
380021,2214656,1,
382,2221315,21,
382,2223518,21,
382,2223664,21,
382,2223983,21,
382,2225962,21,
382,2227255,21,
382,2232025,21,
382,2240045,21,
382,2240130,21,
382,2240234,21,
382,2240883,21,
382,2242062,21,
382,2242947,21,
382,2245615,21,
382,2250449,21,
382,2256640,21,
382,2256675,21,
382,2265943,21,
382,2272360,21,
382,2277550,21,
382,2279118,21,
384,2287777,11,
384,2291220,11,
384,2297010,11,
384,2310415,11,
384,2314404,11,
384,2320595,11,
384,2324740,11,
384,2325379,11,
384,2328208,11,
384,2331981,11,
384,2335113,11,
39152,2335323,5,
39152,2337606,5,
39152,2337628,5,
39152,2337657,5,
39152,2337730,5,
39491,2337913,2,
39491,2337938,2,
39492,2341251,1,
408,2350911,7,
408,2352693,7,
408,2362241,7,
408,2369219,7,
408,2375792,7,
408,2384987,7,
408,2385164,7,
43080,2385301,11,
43080,2395441,11,
43080,2400312,11,
43080,2422684,11,
43080,2426551,11,
43080,2427149,11,
43080,2433326,11,
43080,2449071,11,
43080,2465177,11,
43080,2468612,11,
43080,2478364,11,
43771,2484332,1,
470,2485519,39,
470,2488626,39,
470,2488635,39,
470,2489623,39,
470,2494190,39,
470,2494578,39,
470,2495334,39,
470,2506301,39,
470,2519002,39,
470,2522885,39,
470,2530683,39,
470,2535346,39,
470,2560222,39,
470,2560265,39,
470,2560282,39,
470,2572216,39,
470,2579188,39,
470,2586443,39,
470,2586647,39,
470,2606374,39,
470,2608832,39,
470,2616530,39,
470,2635572,39,
470,2646969,39,
470,2655201,39,
470,2658366,39,
470,2684606,39,
470,2692402,39,
470,2692570,39,
470,2695903,39,
470,2698137,39,
470,2702058,39,
470,2715000,39,
470,2722032,39,
470,2728308,39,
470,2729540,39,
470,2736272,39,
470,2736560,39,
470,2739625,39,
47715,2742531,5,
47715,2750834,5,
47715,2751266,5,
47715,2756919,5,
47715,2759263,5,
485,2759328,3,
485,2759457,3,
485,2759473,3,
487,2759510,13,
487,2759512,13,
487,2759835,13,
487,2759883,13,
487,2762785,13,
487,2763585,13,
487,2765477,13,
487,2773157,13,
487,2776517,13,
487,2776847,13,
487,2782313,13,
487,2788636,13,
487,2789538,13,
49338,2791729,1,
518,2799251,2,
518,2799802,2,
519,2802675,2,
519,2809422,2,
520,2810675,2,
520,2811435,2,
52584,2812165,3,
52584,2820462,3,
52584,2821361,3,
53399,2821452,1,
548,2824404,1,
550,2828958,5,
550,2832299,5,
550,2832478,5,
550,2832748,5,
550,2840185,5,
552,2846546,3,
552,2850503,3,
552,2861848,3,
553,2864125,5,
553,2872582,5,
553,2872769,5,
553,2872915,5,
553,2873437,5,
554,2874431,1,
55601,2878529,2,
55601,2878897,2,
571,2880168,3,
571,2882234,3,
571,2883376,3,
573,2885038,24,
573,2889522,24,
573,2892523,24,
573,2895264,24,
573,2901562,24,
573,2902619,24,
573,2903106,24,
573,2905187,24,
573,2906507,24,
573,2906700,24,
573,2907142,24,
573,2907193,24,
573,2912346,24,
573,2912690,24,
573,2913900,24,
573,2924344,24,
573,2936689,24,
573,2941360,24,
573,2943218,24,
573,2943413,24,
573,2944528,24,
573,2947460,24,
573,2951805,24,
573,2953708,24,
57975,2953716,2,
57975,2953719,2,
615,2958908,1,
61624,2960339,2,
61624,2966146,2,
621,2972172,6,
621,2972810,6,
621,2973801,6,
621,2976163,6,
621,2976212,6,
621,2976958,6,
622,2979198,3,
622,2980548,3,
622,2981886,3,
623,2987450,9,
623,2987966,9,
623,2988947,9,
623,2990900,9,
623,2992245,9,
623,2994661,9,
623,2998664,9,
623,2999054,9,
623,3000464,9,
62322,3005051,20,
62322,3007450,20,
62322,3010111,20,
62322,3024069,20,
62322,3024078,20,
62322,3031375,20,
62322,3032271,20,
62322,3032288,20,
62322,3033566,20,
62322,3034043,20,
62322,3039042,20,
62322,3043210,20,
62322,3044678,20,
62322,3063912,20,
62322,3069926,20,
62322,3073079,20,
62322,3079196,20,
62322,3079253,20,
62322,3094342,20,
62322,3100794,20,
624,3113601,5,
624,3127456,5,
624,3133902,5,
624,3138747,5,
624,3149584,5,
630,3153284,4,
630,3173005,4,
630,3181762,4,
630,3197759,4,
632,3213911,40,
632,3217062,40,
632,3254376,40,
632,3256683,40,
632,3268071,40,
632,3281866,40,
632,3282708,40,
632,3288558,40,
632,3308273,40,
632,3309400,40,
632,3309401,40,
632,3331580,40,
632,3340068,40,
632,3344951,40,
632,3350619,40,
632,3350620,40,
632,3354505,40,
632,3362228,40,
632,3421954,40,
632,3449685,40,
632,3462887,40,
632,3483902,40,
632,3495687,40,
632,3497479,40,
632,3510148,40,
632,3532883,40,
632,3556545,40,
632,3561619,40,
632,3570858,40,
632,3576473,40,
632,3603977,40,
632,3638969,40,
632,3654135,40,
632,3657276,40,
632,3659644,40,
632,3671982,40,
632,3679105,40,
632,3703034,40,
632,3704285,40,
632,3760463,40,
633,3760560,7,
633,3760981,7,
633,3763012,7,
633,3805874,7,
633,3814128,7,
633,3820344,7,
633,3863450,7,
636,3870082,2,
636,3872936,2,
644,3886916,1,
65058,3889532,2,
65058,3904116,2,
657445,3908022,1,
666,3910324,14,
666,3912947,14,
666,3916828,14,
666,3918589,14,
666,3919740,14,
666,3928857,14,
666,3936291,14,
666,3937511,14,
666,3939203,14,
666,3940230,14,
666,3940614,14,
666,3940880,14,
666,3942754,14,
666,3951920,14,
670,3957368,6,
670,3958233,6,
670,3961368,6,
670,3964618,6,
670,3964912,6,
670,3967794,6,
672,3976747,5,
672,3977794,5,
672,3988455,5,
672,3991133,5,
672,3992906,5,
715,3993083,5,
715,3995227,5,
715,3995387,5,
715,3997089,5,
715,4001621,5,
727,4001777,9,
727,4011949,9,
727,4019861,9,
727,4021944,9,
727,4026286,9,
727,4027676,9,
727,4033459,9,
727,4040304,9,
727,4042929,9,
738,4043846,1,
76759,4050513,1,
76860,4061186,2,
76860,4071167,2,
770,4074542,3,
770,4091591,3,
770,4092668,3,
77038,4093599,1,
779,4096345,1,
782,4098576,9,
782,4124236,9,
782,4126292,9,
782,4138388,9,
782,4146839,9,
782,4174118,9,
782,4196170,9,
782,4207222,9,
782,4215606,9,
783,4215610,7,
783,4238624,7,
783,4242774,7,
783,4277185,7,
783,4305723,7,
783,4326849,7,
783,4338762,7,
78331,4345492,4,
78331,4350386,4,
78331,4352825,4,
78331,4369232,4,
785,4371711,2,
785,4374522,2,
788,4376305,1,
79967,4380119,5,
79967,4381608,5,
79967,4390306,5,
79967,4391174,5,
79967,4392353,5,
803,4392876,1,
813,4394985,110,
813,4398250,110,
813,4398525,110,
813,4398812,110,
813,4399120,110,
813,4403837,110,
813,4404786,110,
813,4405981,110,
813,4406587,110,
813,4408224,110,
813,4411128,110,
813,4411532,110,
813,4411709,110,
813,4414325,110,
813,4418088,110,
813,4419977,110,
813,4424435,110,
813,4432426,110,
813,4482059,110,
813,4513324,110,
813,4517345,110,
813,4524466,110,
813,4525948,110,
813,4532063,110,
813,4534590,110,
813,4537948,110,
813,4547930,110,
813,4552107,110,
813,4553420,110,
813,4553586,110,
813,4553770,110,
813,4555536,110,
813,4567418,110,
813,4574284,110,
813,4575057,110,
813,4595065,110,
813,4600755,110,
813,4605545,110,
813,4607202,110,
813,4615997,110,
813,4626944,110,
813,4640720,110,
813,4650856,110,
813,4653728,110,
813,4689441,110,
813,4702289,110,
813,4703373,110,
813,4709064,110,
813,4723306,110,
813,4726582,110,
813,4734438,110,
813,4744671,110,
813,4767043,110,
813,4825265,110,
813,4829424,110,
813,4829781,110,
813,4831739,110,
813,4840251,110,
813,4858216,110,
813,4862913,110,
813,4887379,110,
813,4908759,110,
813,4940217,110,
813,4941214,110,
813,4941439,110,
813,4968248,110,
813,5024500,110,
813,5029329,110,
813,5066051,110,
813,5067172,110,
813,5068807,110,
813,5076188,110,
813,5083176,110,
813,5091817,110,
813,5097129,110,
813,5097447,110,
813,5127376,110,
813,5148708,110,
813,5166857,110,
813,5175554,110,
813,5214195,110,
813,5218947,110,
813,5221581,110,
813,5222906,110,
813,5224283,110,
813,5227293,110,
813,5227419,110,
813,5227419,110,
813,5228663,110,
813,5229686,110,
813,5237682,110,
813,5242964,110,
813,5248520,110,
813,5257091,110,
813,5259571,110,
813,5264383,110,
813,5269030,110,
813,5269628,110,
813,5270770,110,
813,5277274,110,
813,5279134,110,
813,5280350,110,
813,5288069,110,
813,5300915,110,
813,5302683,110,
813,5315120,110,
813,5328010,110,
813,5330088,110,
813,5333942,110,
813,5347283,110,
817,5355490,3,
817,5373121,3,
817,5386705,3,
82996,5387334,3,
82996,5394884,3,
82996,5402402,3,
83554,5409696,28,
83554,5411809,28,
83554,5419036,28,
83554,5434353,28,
83554,5467306,28,
83554,5471154,28,
83554,5486830,28,
83554,5491935,28,
83554,5495278,28,
83554,5500501,28,
83554,5547747,28,
83554,5641239,28,
83554,5646799,28,
83554,5731541,28,
83554,5774330,28,
83554,5777908,28,
83554,5864546,28,
83554,5875750,28,
83554,5886036,28,
83554,5943768,28,
83554,5959964,28,
83554,5962570,28,
83554,5984790,28,
83554,6000087,28,
83554,6002284,28,
83554,6024666,28,
83554,6078430,28,
83554,6097032,28,
83558,6156701,5,
83558,6181863,5,
83558,6260702,5,
83558,6262305,5,
83558,6264404,5,
85991,6265484,3,
85991,6327754,3,
85991,6342034,3,
876,6402658,1,
881,6421010,5,
881,6476459,5,
881,6516310,5,
881,6528877,5,
881,6537648,5,
920,6550070,1,
948,6580038,3,
948,6588339,3,
948,6601757,3,
95486,6722539,11,
95486,6725183,11,
95486,6764661,11,
95486,6845832,11,
95486,6867980,11,
95486,6870827,11,
95486,6988208,11,
95486,6988209,11,
95486,8663821,11,
95486,8819200,11,
95486,9840102,11,